{"cameraMode":{"drawMode":0,"name":"Shaded","section":"Shading Mode"},"sceneLighting":false,"audioPlay":false,"sceneViewState":{"m_AlwaysRefresh":false,"showFog":true,"showSkybox":false,"showFlares":true,"showImageEffects":true,"showParticleSystems":true,"showVisualEffectGraphs":true,"m_FxEnabled":true},"in2DMode":false,"pivot":{"x":0.033945560455322269,"y":0.751274824142456,"z":-0.27777528762817385},"rotation":{"x":-0.14463433623313905,"y":0.7095270752906799,"z":-0.15257591009140016,"w":-0.6726149916648865},"size":3.518533706665039,"orthographic":false}